name,timeframe,sharpe_p05,sharpe_median,sharpe_p95,calmar_p05,calmar_median,calmar_p95
new_4h,4h,0.27133685097404037,1.2232160405817452,2.1137807106581565,0.08114657997140412,1.5786333175679048,4.241007000333607
previous_4h,4h,0.3345152704679751,1.256284629147871,2.1208443164553334,0.14967694447879787,1.6524493894957466,4.353295817693814
official_1d,1d,0.1385972096581097,1.1372198144709744,2.0054440353056915,-0.010052873461074172,1.3287749590778946,4.236096140411469
buy_hold,4h,0.036700927280357135,0.9686840213679697,1.9555967504483809,-0.1364215747857345,0.9085483671961729,3.35297238350454
