name,timeframe,final_value,invested_capital,return_on_contributions,time_weighted_nav_drawdown,invested_capital_drawdown,fee_drag
4H asymmetric exit repair | SMA700 | buffer 3.0% | p3/1,4h,6189.404048890394,6500.0,-0.04778399247840093,-0.19975408088091162,-0.07443031429902947,0.026643928427136362
Previous best 4H corrected,4h,6470.354921281028,6500.0,-0.004560781341380382,-0.202251206880513,-0.07731850663014572,0.008898867876797233
Distance buffer 1D official,1d,6033.225014861431,6500.0,-0.07181153617516445,-0.18408673829209654,-0.12030923451278563,0.015997894682101284
Buy & Hold BTC,4h,5543.259691560239,6500.0,-0.14719081668304013,-0.3248745113550858,-0.21914542591900843,0.002307692307692308
